City_ID,City,Lat,Lng,Max Temp,Humidity,Cloudiness,Wind Speed,Country,Date
0,smithers,54.7804,-127.1743,-2.82,68,100,2.06,CA,1698144377
1,nemuro,43.3236,145.575,11.4,72,87,5.25,JP,1698144378
2,klyuchi,52.2667,79.1667,5.3,47,100,8.13,RU,1698144379
3,hermanus,-34.4187,19.2345,17.53,71,32,4.12,ZA,1698144381
4,rio grande,-32.035,-52.0986,21.06,97,67,5.2,BR,1698144383
5,port-aux-francais,-49.35,70.2167,3.48,94,76,14.11,TF,1698144385
6,ushuaia,-54.8,-68.3,9.81,50,0,1.03,AR,1698144387
7,grytviken,-54.2811,-36.5092,2.21,90,76,6.73,GS,1698144388
8,prieska,-29.6641,22.7474,28.21,9,0,6.91,ZA,1698144389
9,okhotsk,59.3833,143.3,-9.69,82,8,4.07,RU,1698144391
10,stanley,54.868,-1.6985,9.87,95,75,2.57,GB,1698144392
11,yala,6.3333,101.25,25.62,90,82,0.76,TH,1698144393
12,badger,64.8,-147.5333,-5.07,89,100,0.0,US,1698144394
13,airuk,7.2772,168.8203,28.88,75,100,5.28,MH,1698144395
14,murghob,38.1702,73.9667,2.97,25,2,1.0,TJ,1698144397
15,vorgashor,67.5833,63.95,-10.64,98,98,0.99,RU,1698144398
16,puerto natales,-51.7236,-72.4875,5.62,92,69,1.63,CL,1698144399
17,port mathurin,-19.6833,63.4167,24.85,79,7,7.19,MU,1698144400
18,blackmans bay,-43.0167,147.3167,13.18,57,25,4.02,AU,1698144401
19,vadso,70.0744,29.7487,1.49,80,75,4.63,NO,1698144403
20,edinburgh of the seven seas,-37.0676,-12.3116,13.49,83,100,6.43,SH,1698144404
21,paranaiba,-19.6772,-51.1908,31.91,34,99,2.95,BR,1698144406
22,tura,25.5198,90.2201,23.36,90,100,0.76,IN,1698144407
23,constantia,44.1833,28.65,24.38,50,7,1.76,RO,1698144246
24,port saint john's,-31.6229,29.5448,21.9,63,0,7.51,ZA,1698144409
25,waitangi,-43.9535,-176.5597,9.9,82,98,0.89,NZ,1698144411
26,wailua homesteads,22.0669,-159.378,25.24,89,20,3.09,US,1698144412
27,olonkinbyen,70.9221,-8.7187,3.78,90,100,4.53,SJ,1698144413
28,thompson,55.7435,-97.8558,-2.91,59,100,5.66,CA,1698144140
29,benguela,-12.5763,13.4055,26.21,66,99,4.45,AO,1698144416
30,puerto ayora,-0.7393,-90.3518,24.19,95,91,2.24,EC,1698144417
31,stornoway,58.2093,-6.3865,12.8,80,0,3.09,GB,1698144418
32,ribeira grande,38.5167,-28.7,21.54,100,75,7.72,PT,1698144419
33,qaqortoq,60.7167,-46.0333,0.82,52,2,3.7,GL,1698144420
34,adamstown,-25.066,-130.1015,22.14,81,37,4.94,PN,1698144421
35,iskateley,67.6803,53.1512,-3.05,84,89,4.23,RU,1698144423
36,broken hill,-31.95,141.4333,18.26,28,73,10.74,AU,1698144424
37,dabakala,8.3667,-4.4333,28.36,69,79,1.1,CI,1698144425
38,atafu village,-8.5421,-172.5159,28.94,69,12,2.72,TK,1698144427
39,gibsonville,36.1057,-79.5423,5.93,100,0,0.0,US,1698144489
40,alofi,-19.0595,-169.9187,20.94,68,90,3.09,NU,1698144491
41,sant feliu de guixols,41.7833,3.0333,21.63,43,52,2.03,ES,1698144492
42,kodiak,57.79,-152.4072,-3.27,93,0,3.09,US,1698144205
43,invercargill,-46.4,168.35,11.68,92,96,0.89,NZ,1698144494
44,hailar,49.2,119.7,7.43,44,28,3.74,CN,1698144495
45,keflavik,64.0049,-22.5624,4.24,87,75,2.06,IS,1698144497
46,iqaluit,63.7506,-68.5145,-3.15,79,100,0.0,CA,1698144498
47,sitka,57.0531,-135.33,1.94,35,0,1.54,US,1698144286
48,saipan,15.1355,145.701,28.39,83,40,4.63,MP,1698144501
49,saint-pierre,-21.3393,55.4781,28.43,65,75,4.12,RE,1698144503
50,zeya,53.75,127.2667,-0.11,73,1,1.25,RU,1698144504
51,college,64.8569,-147.8028,-5.03,86,75,0.0,US,1698144309
52,hammerfest,70.6634,23.6821,-1.75,86,0,1.03,NO,1698144506
53,daultala,33.1925,73.1413,27.57,26,0,1.22,PK,1698144508
54,shanhaiguan,39.9988,119.7564,16.74,71,0,2.64,CN,1698144509
55,ust-nera,64.5667,143.2,-17.03,100,95,1.53,RU,1698144510
56,margaret river,-33.95,115.0667,14.71,69,27,5.32,AU,1698144416
57,punta arenas,-53.15,-70.9167,8.06,71,0,2.06,CL,1698144514
58,kerikeri,-35.2268,173.9474,13.28,92,68,3.7,NZ,1698144516
59,papao,-17.75,-149.55,24.82,73,89,5.17,PF,1698144517
60,sandakan,5.8402,118.1179,28.82,83,40,2.68,MY,1698144518
61,vernon,50.2581,-119.2691,4.69,76,100,0.51,CA,1698144520
62,port lincoln,-34.7333,135.8667,11.52,58,29,6.46,AU,1698144424
63,jamestown,42.097,-79.2353,11.51,78,40,3.6,US,1698144343
64,ciutadella,40.0011,3.8414,22.45,57,51,8.54,ES,1698144523
65,bredasdorp,-34.5322,20.0403,19.85,52,86,5.81,ZA,1698144524
66,tabou,4.423,-7.3528,26.46,84,69,2.18,CI,1698144526
67,talnakh,69.4865,88.3972,-5.44,96,100,2.4,RU,1698144527
68,vilyuchinsk,52.9306,158.4028,1.15,78,80,3.08,RU,1698144528
69,longyearbyen,78.2186,15.6401,-4.09,93,75,1.03,SJ,1698144499
70,st. john's,47.5649,-52.7093,6.55,91,75,5.81,CA,1698144530
71,las lajitas,-24.6833,-64.25,21.16,92,100,2.93,AR,1698144531
72,west island,-12.1568,96.8225,26.99,74,40,5.14,CC,1698144532
73,ouesso,1.6136,16.0517,29.89,64,98,0.7,CG,1698144534
74,hotan,37.0997,79.9269,20.07,13,97,2.43,CN,1698144535
75,ancud,-41.8697,-73.8203,6.76,90,63,1.09,CL,1698144536
76,sim,54.993,57.6982,2.96,96,100,4.83,RU,1698144537
77,barah,13.7,30.3667,38.09,16,2,5.56,SD,1698144538
78,port alfred,-33.5906,26.891,21.21,70,16,4.92,ZA,1698144540
79,east london,-33.0153,27.9116,22.52,56,40,9.26,ZA,1698144541
80,trairi,-3.2778,-39.2689,28.64,64,50,6.48,BR,1698144385
81,pisco,-13.7,-76.2167,18.03,94,100,2.06,PE,1698144543
82,enewetak,11.3474,162.3373,29.09,75,96,6.44,MH,1698144545
83,hawaiian paradise park,19.5933,-154.9731,24.46,83,20,1.54,US,1698144546
84,lucea,18.451,-78.1736,26.92,77,92,7.45,JM,1698144547
85,natchitoches,31.7668,-93.1335,19.47,100,100,3.6,US,1698144548
86,qarazhal,48.0078,70.7903,8.82,24,18,5.91,KZ,1698144549
87,hithadhoo,-0.6,73.0833,27.6,75,5,5.97,MV,1698144551
88,ada,43.4166,-116.1262,7.64,77,0,2.06,US,1698144552
89,lihue,21.9789,-159.3672,25.58,90,20,3.09,US,1698144553
90,pathein,16.7833,94.7333,26.78,86,48,2.32,MM,1698144554
91,luna,10.9667,123.2333,27.24,83,71,1.84,PH,1698144555
92,san felipe,10.3399,-68.7425,23.51,86,66,1.37,VE,1698144556
93,harstad,68.799,16.5293,-0.34,75,75,5.81,NO,1698144558
94,port elizabeth,-33.918,25.5701,21.84,57,40,10.8,ZA,1698144300
95,whitehorse,60.7161,-135.0538,-15.11,77,0,2.06,CA,1698144560
96,nuku'alofa,-21.1333,-175.2,21.19,64,40,4.63,TO,1698144279
97,kalmunai,7.4167,81.8167,28.31,72,29,3.16,LK,1698144562
98,basco,20.4487,121.9702,27.66,80,50,8.13,PH,1698144563
99,georgetown,5.4112,100.3354,28.96,89,40,1.54,MY,1698144564
100,afaahiti,-17.75,-149.2833,23.93,80,76,5.58,PF,1698144566
101,petropavlovsk-kamchatsky,53.0452,158.6483,0.33,75,0,2.0,RU,1698144523
102,merizo village,13.2658,144.6691,28.85,94,15,4.95,GU,1698144568
103,mstera,56.3789,41.92,1.18,72,99,4.08,RU,1698144570
104,monchegorsk,67.9397,32.8739,-1.23,88,58,2.37,RU,1698144571
105,narimanov,46.6927,47.8498,21.95,42,73,7.4,RU,1698144572
106,anadyr,64.75,177.4833,1.28,80,0,3.58,RU,1698144573
107,aswan,24.0934,32.907,36.61,23,0,2.57,EG,1698144575
108,labrador city,52.9463,-66.9114,-1.05,86,100,3.09,CA,1698144576
109,manokwari,-0.8667,134.0833,27.49,79,32,1.47,ID,1698144483
110,lander,42.833,-108.7307,8.33,83,0,0.0,US,1698144511
111,isafjordur,66.0755,-23.124,3.02,93,100,0.0,IS,1698144581
112,santa ana,33.7456,-117.8678,17.25,84,0,1.54,US,1698144311
113,luderitz,-26.6481,15.1594,24.79,43,0,11.76,NA,1698144583
114,kirensk,57.7853,108.1119,0.3,78,97,4.84,RU,1698144584
115,kingscliff,-28.2667,153.5667,23.2,78,0,6.69,AU,1698144585
116,alice springs,-23.7,133.8833,22.75,20,19,3.6,AU,1698144587
117,tiksi,71.6872,128.8694,-13.35,89,97,7.0,RU,1698144588
118,az zulfi,26.2995,44.8154,33.89,13,8,4.64,SA,1698144589
119,gaspe,48.8334,-64.4819,2.95,93,75,1.03,CA,1698144590
120,newman,37.3138,-121.0208,14.58,86,7,1.33,US,1698144592
121,dean funes,-30.4204,-64.3498,14.48,83,97,6.58,AR,1698144593
122,natal,-5.795,-35.2094,25.12,88,40,4.12,BR,1698144307
123,hadibu,12.65,54.0333,29.65,68,100,3.83,YE,1698144595
124,nombre de dios,23.85,-104.2333,12.09,92,30,2.26,MX,1698144597
125,bilibino,68.0546,166.4372,-11.93,97,100,1.81,RU,1698144598
126,weno,7.4515,151.8468,26.97,94,75,0.0,FM,1698144599
127,bethel,41.3712,-73.414,6.81,93,0,0.0,US,1698144600
128,praia,14.9215,-23.5087,28.3,65,75,6.17,CV,1698144601
129,dhidhdhoo,6.8833,73.1,28.3,72,7,3.41,MV,1698144602
130,pokhara,28.2333,83.9833,21.68,58,0,0.32,NP,1698144483
131,ressano garcia,-25.442,31.9913,38.85,20,0,4.91,MZ,1698144605
132,holualoa,19.6228,-155.9522,23.91,91,40,2.68,US,1698144606
133,yellowknife,62.456,-114.3525,-4.21,92,100,6.17,CA,1698144607
134,happy valley-goose bay,53.3168,-60.3315,-0.83,74,20,4.12,CA,1698144608
135,antsiranana,-12.2787,49.2917,30.42,54,75,6.17,MG,1698144610
136,karratha,-20.7377,116.8463,31.53,33,4,6.22,AU,1698144611
137,codrington,-38.2667,141.9667,11.06,49,100,7.43,AU,1698144612
138,san patricio,28.017,-97.5169,27.13,78,17,7.44,US,1698144615
139,bandar lampung,-5.4254,105.258,26.08,77,44,3.15,ID,1698144617
140,mweka,-4.85,21.5667,21.79,95,100,1.94,CD,1698144618
141,gornozavodsk,58.3758,58.3211,-0.15,65,100,3.19,RU,1698144619
142,monduli,-3.3,36.45,24.73,48,99,2.03,TZ,1698144620
143,prachuap khiri khan,12.2167,99.75,24.55,89,70,0.9,TH,1698144622
144,fiambala,-27.6871,-67.6149,16.79,77,70,2.06,AR,1698144623
145,ilulissat,69.2167,-51.1,-6.99,53,0,1.03,GL,1698144624
146,laguilayan,6.6525,124.5211,25.08,92,55,1.31,PH,1698144625
147,coquimbo,-29.9533,-71.3436,12.85,94,100,1.54,CL,1698144627
148,oriximina,-1.7656,-55.8661,26.11,82,100,1.39,BR,1698144628
149,severo-yeniseyskiy,60.3725,93.0408,-3.79,84,94,4.0,RU,1698144629
150,saint-denis,48.9167,2.3333,15.43,74,20,5.14,FR,1698144630
151,lebu,-37.6167,-73.65,8.92,84,78,7.13,CL,1698144632
152,langenselbold,50.1766,9.04,12.9,96,100,0.99,DE,1698144633
153,lae,-6.7221,146.9847,25.21,91,64,2.15,PG,1698144634
154,cedeira,43.6797,-8.0209,19.1,75,92,11.82,ES,1698144635
155,kolonia town,6.964,158.206,25.0,100,75,1.54,FM,1698144636
156,price,39.5994,-110.8107,7.29,52,0,1.54,US,1698144638
157,sydney,-33.8679,151.2073,22.01,83,0,4.63,AU,1698144163
158,al jawf,29.5,38.75,30.81,23,94,1.88,SA,1698144640
159,zaozersk,69.4005,32.4476,-0.41,94,91,2.45,RU,1698144642
160,cidreira,-30.1811,-50.2056,19.99,94,98,2.92,BR,1698144645
161,dunedin,-45.8742,170.5036,12.67,83,99,0.45,NZ,1698144459
162,anna regina,7.2644,-58.5077,26.35,83,42,1.05,GY,1698144647
163,tazovsky,67.4667,78.7,-5.18,94,12,3.7,RU,1698144648
164,cururupu,-1.8283,-44.8683,28.54,63,100,3.27,BR,1698144649
165,colonia,50.9333,6.95,15.07,77,20,4.12,DE,1698144439
166,prestwick,55.4833,-4.6167,11.99,76,20,3.6,GB,1698144652
167,undurkhaan,47.3194,110.6556,9.46,33,13,3.14,MN,1698144653
168,kingston,17.997,-76.7936,28.53,90,75,4.12,JM,1698144547
169,lerwick,60.1545,-1.1494,10.0,84,100,7.38,GB,1698144655
170,belozersk,60.0326,37.7957,1.58,67,9,3.39,RU,1698144657
171,kapuskasing,49.4169,-82.4331,7.05,87,100,4.12,CA,1698144658
172,utrik,11.2278,169.8474,28.17,78,78,6.61,MH,1698144659
173,la passe,45.5549,-0.8967,17.13,61,63,6.66,FR,1698144660
174,isangel,-19.55,169.2667,23.21,87,100,9.9,VU,1698144661
175,belmonte,-15.8631,-38.8828,25.32,67,96,2.22,BR,1698144663
176,madaoua,14.073,5.96,35.13,10,37,5.03,NE,1698144665
177,arraial do cabo,-22.9661,-42.0278,23.92,78,0,6.69,BR,1698144666
178,leava,-14.3,-178.1667,27.05,80,93,9.23,WF,1698144667
179,priozersk,61.0393,30.1291,3.86,87,96,2.52,RU,1698144669
180,piney green,34.716,-77.3202,10.5,93,0,0.0,US,1698144670
181,wellington,-41.2866,174.7756,15.03,92,75,11.32,NZ,1698144395
182,touros,-5.1989,-35.4608,27.93,64,35,6.66,BR,1698144376
183,uturoa,-16.7333,-151.4333,26.53,80,56,6.05,PF,1698144673
184,porto novo,6.4965,2.6036,29.9,79,100,2.35,BJ,1698144675
185,kargasok,59.0556,80.8572,-0.78,75,100,4.85,RU,1698144676
186,guer,47.9062,-2.1231,14.97,67,97,6.49,FR,1698144677
187,champerico,14.3,-91.9167,25.05,90,94,1.39,GT,1698144678
188,arjona,10.2544,-75.3439,27.59,91,98,0.62,CO,1698144679
189,ta'izz,13.5,44.0,28.03,26,57,0.67,YE,1698144680
190,arkadelphia,34.1209,-93.0538,19.54,93,0,0.0,US,1698144681
191,pontianak,-0.0333,109.3333,23.99,100,75,3.6,ID,1698144682
192,kangding,30.0513,101.9603,9.83,91,99,1.87,CN,1698144683
193,abnub,27.2696,31.1511,29.12,23,0,5.46,EG,1698144685
194,alvorada,-12.48,-49.1247,29.45,52,84,1.24,BR,1698144686
195,elliot lake,46.3834,-82.6331,7.66,89,87,2.12,CA,1698144533
196,cabo san lucas,22.8909,-109.9124,23.75,77,0,3.13,MX,1698144043
197,north bend,43.4065,-124.2243,9.36,100,100,0.0,US,1698144689
198,cole harbour,44.6724,-63.4751,3.32,96,20,2.06,CA,1698144690
199,puerto santa,-8.9906,-78.6456,18.92,93,97,2.74,PE,1698144691
200,petawawa,45.9001,-77.3328,6.77,86,100,4.63,CA,1698144692
201,banff,51.1762,-115.5698,-8.79,79,100,3.6,CA,1698144693
202,midvagur,62.0511,-7.1939,9.46,87,75,4.63,FO,1698144694
203,dudinka,69.4058,86.1778,-5.21,97,100,1.96,RU,1698144696
204,selfoss,63.9331,-20.9971,3.78,75,99,3.25,IS,1698144697
205,dogonbadan,30.3586,50.7981,31.05,22,0,4.12,IR,1698144698
206,saint-francois,46.4154,3.9054,13.69,78,75,4.12,FR,1698144699
207,bardstown,37.8092,-85.4669,13.12,85,0,0.0,US,1698144299
208,acapulco de juarez,16.8634,-99.8901,24.64,86,76,2.03,MX,1698144702
209,togur,58.3631,82.8265,-0.57,75,100,4.63,RU,1698144703
210,urengoy,65.9667,78.3667,-2.49,93,100,3.15,RU,1698144704
211,crane,31.3974,-102.3501,18.22,93,74,6.2,US,1698144705
212,udachny,66.4167,112.4,-4.75,92,100,7.55,RU,1698144707
213,nova olimpia,-14.7972,-57.2881,26.63,72,88,0.68,BR,1698144708
214,shahba,32.8551,36.629,26.22,23,5,3.49,SY,1698144709
215,nikolayevsk-on-amure,53.1406,140.73,2.45,66,100,0.6,RU,1698144710
216,mount isa,-20.7333,139.5,28.87,16,0,3.6,AU,1698144711
217,mahanje,-9.9333,35.3333,34.4,22,89,4.26,TZ,1698144712
218,lompoc,34.6391,-120.4579,14.73,88,100,8.49,US,1698144713
219,sao miguel do araguaia,-13.275,-50.1628,28.71,56,93,1.41,BR,1698144553
220,vuktyl,63.8567,57.3094,-1.17,76,65,4.75,RU,1698144716
221,dickinson,29.4608,-95.0513,25.02,83,40,5.14,US,1698144717
222,papatowai,-46.5619,169.4708,11.13,96,100,1.56,NZ,1698144718
223,la malbaie,47.6575,-70.1559,5.3,79,26,3.06,CA,1698144719
224,las khorey,11.1595,48.1967,30.83,60,33,1.23,SO,1698144720
225,illizi,26.4833,8.4667,35.89,10,2,5.14,DZ,1698144722
226,khalkhal,37.6189,48.5258,16.18,37,15,5.6,IR,1698144723
227,taoudenni,22.6783,-3.9836,35.1,21,100,5.95,ML,1698144724
228,quibdo,5.6947,-76.6611,23.83,99,100,0.3,CO,1698144725
229,la'ie,21.6477,-157.9253,26.98,85,22,0.89,US,1698144727
230,hami,42.8,93.45,17.5,27,33,1.04,CN,1698144728
231,la spezia,44.1105,9.8434,21.02,90,75,5.66,IT,1698144729
232,twin falls,42.3505,-114.6445,7.74,66,0,7.2,US,1698144580
233,fort bragg,35.139,-79.006,7.68,93,0,1.54,US,1698144731
234,general levalle,-34.0147,-63.9241,13.68,94,33,4.29,AR,1698144732
235,bilokurakyne,49.5341,38.7307,12.14,65,100,5.94,UA,1698144733
236,salalah,17.0151,54.0924,25.05,100,100,3.09,OM,1698144735
237,otjimbingwe,-22.35,16.1333,36.95,9,0,1.53,NA,1698144736
238,portland,45.5234,-122.6762,10.37,86,80,0.6,US,1698144437
239,usinsk,65.9939,57.5281,-1.62,92,100,8.05,RU,1698144738
240,motomachi,43.8228,144.1044,8.01,87,40,2.57,JP,1698144739
241,urucara,-2.5364,-57.76,25.91,89,100,0.82,BR,1698144483
242,palmer,42.1584,-72.3287,6.72,90,0,0.0,US,1698144741
243,sabang,5.8933,95.3214,28.19,73,62,3.62,ID,1698144743
244,pulivendla,14.4167,78.2333,32.13,27,70,2.51,IN,1698144744
245,gurupa,-1.405,-51.64,26.98,74,100,1.95,BR,1698144745
246,santiago del estero,-27.7951,-64.2615,18.22,85,100,6.2,AR,1698144539
247,tual,-5.6667,132.75,26.74,77,87,6.59,ID,1698144748
248,pitimbu,-7.4706,-34.8086,25.33,70,76,5.38,BR,1698144749
249,tofol,5.3248,163.0078,29.03,69,31,2.1,FM,1698144750
250,caburan,5.9181,125.6411,27.72,80,54,2.67,PH,1698144751
251,tshabong,-26.05,22.45,32.79,10,0,5.54,BW,1698144752
252,pultusk,52.7025,21.0828,14.47,72,91,3.55,PL,1698144616
253,port macquarie,-31.4333,152.9167,19.94,91,2,5.5,AU,1698144659
254,egilsstadir,65.2653,-14.3948,2.95,81,40,4.12,IS,1698144756
255,taro,-8.3862,115.28,25.0,93,79,0.64,ID,1698144757
256,cabinda,-5.55,12.2,28.46,71,98,3.26,AO,1698144758
257,grand falls-windsor,48.9332,-55.6649,-0.28,92,24,1.6,CA,1698144759
258,namtsy,62.7161,129.6658,-12.25,97,59,0.54,RU,1698144761
259,beledweyne,4.7358,45.2036,35.15,35,54,2.93,SO,1698144762
260,nuevitas,21.5453,-77.2644,25.53,71,56,4.96,CU,1698144763
261,palikir - national government center,6.9248,158.1611,24.41,100,75,1.54,FM,1698144764
262,hilo,19.7297,-155.09,24.58,80,20,1.54,US,1698144680
263,savanna-la-mar,18.219,-78.1332,26.97,89,69,2.77,JM,1698144767
264,maine soroa,13.2114,12.0241,36.68,10,67,6.82,NE,1698144768
265,nelson bay,-32.7167,152.15,23.03,91,0,3.13,AU,1698144769
266,burg auf fehmarn,54.4333,11.2,11.14,89,100,11.51,DE,1698144770
267,groves,29.9483,-93.9171,23.03,94,0,2.57,US,1698144771
268,mukalla,14.5425,49.1242,32.0,55,88,3.69,YE,1698144773
269,mont-dore,-22.2833,166.5833,22.99,90,100,4.36,NC,1698144774
270,suva,-18.1416,178.4415,23.71,78,40,3.6,FJ,1698144775
271,pamanukan,-6.2842,107.8106,28.82,66,12,3.29,ID,1698144778
272,mili,6.0815,171.735,28.93,76,49,5.64,MH,1698144779
273,malango,-2.9627,119.9001,20.39,97,34,0.75,ID,1698144780
274,as sulayyil,20.4607,45.5779,33.14,18,28,6.06,SA,1698144781
275,nouadhibou,20.931,-17.0347,24.99,61,0,7.2,MR,1698144634
276,dwarka,22.2394,68.9678,30.68,50,12,4.66,IN,1698144784
277,fortuna,40.5982,-124.1573,12.19,95,100,0.0,US,1698144785
278,nova xavantina,-14.6667,-52.35,29.07,58,99,1.93,BR,1698144786
279,yaring,6.8662,101.3689,27.77,76,95,2.32,TH,1698144787
280,savonlinna,61.8699,28.88,1.03,64,20,1.54,FI,1698144788
281,anloga,5.7947,0.8973,26.48,81,100,3.64,GH,1698144790
282,chibougamau,49.9168,-74.3659,1.79,87,100,3.6,CA,1698144791
283,quellon,-43.1167,-73.6167,7.69,81,32,2.02,CL,1698144792
284,uchaly,54.2996,59.4521,3.57,94,100,7.04,RU,1698144793
285,mandalgovi,45.7625,106.2708,8.55,41,4,5.36,MN,1698144794
286,aigio,38.2486,22.0819,29.47,53,32,1.44,GR,1698144795
287,mazagao,-0.115,-51.2894,26.03,69,87,2.09,BR,1698144796
288,parral,26.9333,-105.6667,12.18,79,0,2.48,MX,1698144531
289,al qadarif,14.0349,35.3834,35.79,29,5,1.25,SD,1698144798
290,tchintabaraden,15.8969,5.7985,35.89,9,4,5.64,NE,1698144799
291,levuka,50.1834,-105.4011,-3.1,96,100,6.66,CA,1698144800
292,roma,43.2128,-75.4557,6.48,89,0,2.57,US,1698144664
293,camana,-16.6228,-72.7111,19.46,93,100,4.44,PE,1698144805
294,marquette,46.5333,-87.6335,8.69,94,91,0.45,US,1698144806
295,hamilton,39.1834,-84.5333,12.19,80,0,4.12,US,1698144735
296,anlu,31.1661,112.5831,23.56,47,100,1.24,CN,1698144809
297,backo gradiste,45.5328,20.0283,25.74,30,100,5.0,RS,1698144810
298,bikenibeu village,1.3673,173.1241,28.98,84,40,3.6,KI,1698144811
299,adeje,28.1227,-16.726,24.49,53,20,8.23,ES,1698144812
300,male,4.1748,73.5089,27.97,89,75,1.03,MV,1698144813
301,trincomalee,8.5711,81.2335,28.3,69,59,3.43,LK,1698144694
302,fale old settlement,-9.3852,-171.2468,28.5,72,18,3.47,TK,1698144816
303,ellsworth,44.5434,-68.4195,7.02,97,100,0.0,US,1698144817
304,xacmaz,41.4635,48.806,22.76,53,99,4.57,AZ,1698144818
305,bonthe,7.5264,-12.505,28.06,73,98,0.44,SL,1698144820
306,drean,36.6848,7.7511,25.86,57,75,5.66,DZ,1698144821
307,yuzhno-kurilsk,44.0306,145.8556,10.56,73,82,4.95,RU,1698144822
308,carnarvon,-24.8667,113.6333,21.81,66,8,6.9,AU,1698144823
309,el calafate,-50.3408,-72.2768,8.41,70,32,2.59,AR,1698144825
310,brisas de zicatela,15.8369,-97.0419,25.28,88,100,4.14,MX,1698144826
311,howrah,22.5892,88.3103,27.0,83,75,3.09,IN,1698144827
312,broome,42.2506,-75.833,6.78,82,83,2.24,US,1698144829
313,belidzhi,41.8918,48.4125,19.9,72,100,4.69,RU,1698144830
314,vershino-darasunskiy,52.35,115.5167,2.95,51,53,2.2,RU,1698144832
315,bubaque,11.2833,-15.8333,27.7,78,100,4.89,GW,1698144833
316,hasaki,35.7333,140.8333,18.22,67,31,1.76,JP,1698144834
317,carora,10.1755,-70.0827,24.12,83,72,0.46,VE,1698144835
318,shubarkuduk,49.1447,56.4872,10.99,44,100,8.69,KZ,1698144836
319,dakhla,23.6848,-15.958,24.01,57,4,7.2,EH,1698144838
320,puquio,-14.7,-74.1333,12.45,77,97,1.3,PE,1698144840
321,susuman,62.7833,148.1667,-18.23,100,78,0.09,RU,1698144841
322,trinidad,-14.8333,-64.9,26.99,74,75,1.54,BO,1698144842
323,raduzhny,62.0961,77.475,-1.61,85,100,4.74,RU,1698144843
324,boguchany,58.3814,97.4531,-0.63,73,94,4.38,RU,1698144845
325,kismayo,-0.3582,42.5454,29.48,65,23,4.67,SO,1698144846
326,ahar,38.4774,47.0699,20.53,26,11,6.33,IR,1698144847
327,inhambane,-23.865,35.3833,29.45,61,22,6.79,MZ,1698144848
328,kongolo,-5.3833,27.0,28.61,64,96,2.85,CD,1698144850
329,chardara,41.2547,67.9692,19.18,47,1,1.82,KZ,1698144851
330,camiri,-20.05,-63.5167,24.88,65,100,3.09,BO,1698144852
331,kayangel,8.0823,134.7173,28.97,71,100,3.42,PW,1698144853
332,maxixe,-23.8597,35.3472,30.28,57,18,6.59,MZ,1698144854
333,petit-bourg,16.1914,-61.5916,26.77,94,0,0.0,GP,1698144855
334,santa isabel,-23.3156,-46.2214,22.42,61,95,0.95,BR,1698144857
335,shakhtersk,48.0625,38.5167,17.06,43,5,6.5,UA,1698144858
336,puerto aysen,-45.4,-72.7,9.56,99,100,1.59,CL,1698144859
337,bridgewater,44.3835,-64.5155,4.82,93,0,2.06,CA,1698144860
338,san antonio de pale,-1.4014,5.6325,26.17,80,99,5.73,GQ,1698144861
339,betare oya,5.6,14.0833,28.21,61,98,2.59,CM,1698144863
340,constitucion,-35.3333,-72.4167,10.66,75,100,3.05,CL,1698144864
341,catabola,-12.15,17.2833,30.3,29,100,3.07,AO,1698144865
342,nagqu,31.5,92.0,-1.5,66,86,6.49,CN,1698144866
343,puerto baquerizo moreno,-0.9,-89.6,23.72,86,100,5.26,EC,1698144867
344,northam,51.0333,-4.2167,14.25,89,68,4.99,GB,1698144869
345,turochak,52.2576,87.1224,2.37,55,100,1.09,RU,1698144870
346,fukuecho,32.6881,128.8419,17.2,88,40,0.51,JP,1698144871
347,yabelo,4.8833,38.0833,22.43,52,89,3.66,ET,1698144872
348,fortaleza,-3.7227,-38.5247,28.37,71,40,6.69,BR,1698144600
349,ivdel',60.6911,60.4206,0.17,56,27,2.77,RU,1698144875
350,shanga,11.2106,4.5788,34.34,34,37,1.44,NG,1698144876
351,polyarnyy,69.1989,33.4478,1.55,82,100,5.33,RU,1698144877
352,chota,-6.55,-78.65,11.41,93,35,2.05,PE,1698144878
353,kruisfontein,-34.0033,24.7314,19.4,57,12,10.53,ZA,1698144879
354,gadzhiyevo,69.2551,33.3362,1.3,82,100,5.38,RU,1698144882
355,avarua,-21.2078,-159.775,22.03,73,20,2.57,CK,1698144883
356,kolonia,50.9333,6.95,15.07,77,20,4.12,DE,1698144884
357,timimoun,29.2639,0.231,29.21,28,75,4.12,DZ,1698144885
358,kiruna,67.8557,20.2251,-9.49,92,100,1.03,SE,1698144886
359,saudarkrokur,65.7461,-19.6394,1.92,77,92,3.55,IS,1698144888
360,massawa,15.6097,39.45,34.24,45,90,4.78,ER,1698144889
361,conduaga,8.862,117.4893,27.22,81,100,0.1,PH,1698144890
362,nieuw amsterdam,5.8833,-55.0833,27.23,92,20,0.0,SR,1698144891
363,ak'ordat,15.5486,37.8867,36.53,21,1,2.18,ER,1698144892
364,aykhal,66.0,111.5,-6.17,95,100,8.27,RU,1698144894
365,mehran,33.1222,46.1646,28.73,26,96,7.35,IR,1698144895
366,laguna,38.421,-121.4238,16.71,88,0,4.12,US,1698144896
367,wewak,-3.5534,143.6268,27.32,86,99,1.94,PG,1698144897
368,arica,-18.475,-70.3042,17.13,82,100,2.06,CL,1698144681
369,iquique,-20.2208,-70.1431,17.02,74,37,2.61,CL,1698144724
370,tolanaro,-25.0319,46.9987,27.04,78,40,5.14,MG,1698144902
371,chak jhumra,31.5678,73.1835,30.26,27,1,1.11,PK,1698144903
372,pimentel,-6.8367,-79.9342,20.16,83,0,5.66,PE,1698144904
373,vanersborg,58.3807,12.3234,8.84,87,75,3.6,SE,1698144905
374,imam qasim,32.298,44.6828,28.24,34,100,1.85,IQ,1698144691
375,bago,17.3367,96.4797,27.29,83,60,2.56,MM,1698144909
376,east ballina,-28.8667,153.5833,22.33,78,2,9.19,AU,1698144910
377,queenstown,-31.8976,26.8753,22.24,30,3,6.2,ZA,1698144911
378,fort mcmurray,56.7268,-111.381,-12.23,78,0,2.06,CA,1698144761
379,ulladulla,-35.35,150.4667,20.87,41,90,2.73,AU,1698144914
380,port isabel,26.0734,-97.2086,27.82,77,100,6.17,US,1698144915
381,dalnerechensk,45.9339,133.7225,10.56,80,6,3.43,RU,1698144916
382,aldan,58.6031,125.3894,-11.2,89,9,2.99,RU,1698144917
383,middelburg,-25.7751,29.4648,30.41,18,0,7.43,ZA,1698144918
384,tynda,55.1667,124.7167,-6.75,96,24,0.57,RU,1698144919
385,kill devil hills,36.0307,-75.676,16.66,81,0,0.0,US,1698144920
386,hanko,59.8333,22.95,3.88,81,75,7.15,FI,1698144922
387,zheleznogorsk-ilimskiy,56.5768,104.1217,-1.8,62,88,4.36,RU,1698144923
388,bomdila,27.25,92.4,11.47,84,88,0.68,IN,1698144924
389,thinadhoo,0.5333,72.9333,27.6,75,19,5.66,MV,1698144925
390,eket,4.6412,7.9209,28.81,73,97,2.94,NG,1698144926
391,boende,-0.2167,20.8667,27.24,83,99,1.53,CD,1698144928
392,port blair,11.6667,92.75,27.02,83,75,3.09,IN,1698144929
393,mogadishu,2.0371,45.3438,28.93,84,40,4.63,SO,1698144930
394,port augusta,-32.5,137.7667,13.77,59,34,8.79,AU,1698144931
395,chilliwack,49.1747,-121.9443,8.57,97,100,1.03,CA,1698144932
396,tandil,-37.3217,-59.1332,8.71,74,74,6.23,AR,1698144934
397,machiques,10.0644,-72.545,24.37,87,99,1.84,VE,1698144935
398,bischofshofen,47.4167,13.2167,19.28,77,100,1.94,AT,1698144936
399,pacific grove,36.6177,-121.9166,14.68,88,100,1.54,US,1698144650
400,port hedland,-20.3167,118.5667,29.03,70,1,3.6,AU,1698144938
401,forster,-32.1667,152.5167,18.49,97,2,4.85,AU,1698144939
402,vuokatti,64.146,28.2697,-2.08,66,6,1.35,FI,1698144941
403,nar'yan-mar,67.6713,53.087,-2.96,84,90,4.28,RU,1698144942
404,biltine,14.5333,20.9167,36.77,11,0,3.3,TD,1698144943
405,kenai,60.5544,-151.2583,-5.97,86,0,1.54,US,1698144945
406,yanchep,-31.55,115.6833,23.07,51,5,6.35,AU,1698144946
407,vetluzhskiy,58.3902,45.4654,0.74,63,100,3.8,RU,1698144947
408,bacalar,18.6667,-88.3833,23.74,96,75,1.4,MX,1698144871
409,nyurba,63.2842,118.3319,-5.46,93,93,3.02,RU,1698144949
410,kone,-21.0595,164.8658,21.68,87,95,2.58,NC,1698144951
411,shenjiamen,29.9576,122.298,21.88,82,24,1.55,CN,1698144952
412,paranagua,-25.52,-48.5092,22.73,81,98,0.44,BR,1698144953
413,guerrero negro,27.9769,-114.0611,17.9,78,3,3.31,MX,1698144954
414,talara,-4.5772,-81.2719,20.33,86,9,6.79,PE,1698144955
415,marrakesh,31.6315,-8.0083,19.04,77,40,1.54,MA,1698144767
416,puerto deseado,-47.7503,-65.8938,8.99,73,69,10.21,AR,1698144958
417,novofedorivka,46.1713,32.3178,18.78,50,71,2.13,UA,1698144959
418,belfast,54.5833,-5.9333,13.54,82,40,6.69,GB,1698144960
419,ketchikan,55.3422,-131.6461,3.99,44,0,3.09,US,1698144961
420,antofagasta,-23.65,-70.4,16.6,78,62,2.31,CL,1698144926
421,tobruk,32.0836,23.9764,24.4,64,0,4.22,LY,1698144963
422,ust'-ordynskiy,52.805,104.7508,0.62,46,90,1.91,RU,1698144964
423,khuzdar,27.7384,66.6434,26.86,15,4,2.62,PK,1698144966
424,flen,59.0583,16.5878,6.05,69,15,3.11,SE,1698144967
425,beloyarskiy,63.7119,66.6722,-0.87,65,99,2.01,RU,1698144968
426,korsakov,46.6328,142.7813,8.91,89,54,5.1,RU,1698144969
427,pearl,32.2746,-90.132,18.1,76,0,2.57,US,1698144970
428,esil,51.9556,66.4042,6.96,53,100,11.43,KZ,1698144972
429,villa del totoral,-30.8167,-63.7167,16.79,80,100,5.13,AR,1698144973
430,bamnet narong,15.4992,101.6897,26.97,75,99,2.55,TH,1698144974
431,tono,39.3167,141.5333,8.46,93,35,0.32,JP,1698144975
432,yanam,16.7333,82.2167,28.98,61,95,2.41,IN,1698144976
433,sechelt,49.4664,-123.7694,9.0,79,100,2.27,CA,1698144978
434,mezhdurechenskiy,59.6,65.9333,0.36,72,100,1.32,RU,1698144979
435,ebaye,8.7748,167.7392,26.01,89,0,2.57,MH,1698144980
436,nova sintra,14.8667,-24.7167,24.54,68,5,3.4,CV,1698144981
437,mudgal,16.0167,76.4333,31.38,25,61,4.06,IN,1698144982
438,sakakah,29.9697,40.2064,30.76,26,99,1.46,SA,1698144983
439,bandarbeyla,9.4942,50.8122,30.2,66,21,6.03,SO,1698144985
440,papar,5.7333,115.9333,25.0,82,100,0.47,MY,1698144986
441,bandar-e lengeh,26.5579,54.8807,33.06,62,20,3.09,IR,1698144987
442,sinabang,2.4803,96.3801,26.57,82,87,3.08,ID,1698144989
443,sittwe,20.15,92.9,26.2,87,100,7.14,MM,1698144990
444,guarapari,-20.6667,-40.4975,25.5,72,99,3.04,BR,1698144991
445,saint-joseph,-21.3667,55.6167,27.28,75,85,1.01,RE,1698144992
446,nuuk,64.1835,-51.7216,-2.66,63,40,2.57,GL,1698144993
447,gizo,-8.103,156.8419,27.06,81,100,3.72,SB,1698144995
448,polgardi,47.061,18.302,20.63,55,100,6.14,HU,1698144996
449,grande prairie,55.1667,-118.8027,-9.9,85,20,1.54,CA,1698144997
450,paso de los toros,-32.8167,-56.5167,16.97,86,97,8.62,UY,1698144897
451,mao,39.8885,4.2658,22.31,60,0,8.23,ES,1698145000
452,itaituba,-4.2761,-55.9836,25.95,86,100,0.92,BR,1698145001
453,margate,51.3813,1.3862,14.83,92,100,1.34,GB,1698145002
454,bouar,5.934,15.596,26.62,65,95,2.83,CF,1698145003
455,imperatriz,-5.5264,-47.4917,25.03,94,75,2.06,BR,1698145004
456,pont rouge,48.8833,-72.0825,1.16,85,98,2.98,CA,1698145005
457,wenchang,30.904,118.4887,21.02,56,84,0.12,CN,1698145006
458,pachino,36.7186,15.0907,23.93,75,46,4.22,IT,1698145008
459,khawr fakkan,25.3313,56.342,31.03,56,1,4.87,AE,1698145009
460,la ronge,55.1001,-105.2842,-8.86,73,0,3.09,CA,1698145010
461,stony plain,53.5334,-114.0021,-8.27,81,100,2.06,CA,1698145011
462,miyako,39.6367,141.9525,12.47,78,48,2.43,JP,1698144879
463,vorkuta,67.5,64.0,-10.7,98,98,1.31,RU,1698145014
464,sihanoukville,10.6093,103.5296,28.97,79,40,2.06,KH,1698145015
465,paramonga,-10.6667,-77.8333,19.2,92,93,3.47,PE,1698145016
466,page,36.9147,-111.4558,13.88,25,0,1.79,US,1698145017
467,n'zeto,-7.2312,12.8666,27.01,73,100,3.06,AO,1698145018
468,hobyo,5.3505,48.5268,29.98,66,53,4.79,SO,1698145020
469,nantucket,41.2835,-70.0995,11.75,92,0,2.06,US,1698144818
470,qusmuryn,52.4503,64.6311,8.53,49,100,10.9,KZ,1698145023
471,mochudi,-24.4167,26.15,33.33,13,0,2.07,BW,1698145024
472,turabah,21.2141,41.6331,30.92,18,1,4.63,SA,1698145025
473,bogande,12.9714,-0.1436,35.81,19,0,0.18,BF,1698145027
474,qamdo,31.1667,97.2333,2.29,37,100,1.7,CN,1698145028
475,mayya,61.7333,130.2811,-6.38,97,100,0.71,RU,1698145029
476,chabahar,25.2919,60.643,28.6,62,62,4.73,IR,1698145030
477,arak,34.0917,49.6892,21.42,23,75,4.12,IR,1698145031
478,saldanha,-33.0117,17.9442,23.03,70,35,5.11,ZA,1698145032
479,masterton,-40.9597,175.6575,13.27,87,100,3.94,NZ,1698145034
480,flying fish cove,-10.4217,105.6791,26.82,78,75,3.6,CX,1698145035
481,arawa,-6.2132,155.5367,25.53,93,100,2.37,PG,1698145036
482,hopelchen,19.7667,-89.85,22.56,99,84,1.57,MX,1698145037
483,brokopondo,4.75,-55.1667,26.7,80,47,3.79,SR,1698145038
484,emirgazi,37.9022,33.8372,22.46,31,0,1.7,TR,1698145039
485,inwood,40.8657,-73.9268,10.06,77,0,1.54,US,1698144844
486,camara de lobos,32.6333,-16.9667,23.96,69,20,3.6,PT,1698145041
487,carutapera,-1.195,-46.02,28.4,66,84,4.16,BR,1698145043
488,chadan,51.2833,91.5833,2.47,33,56,0.45,RU,1698145044
489,pacasmayo,-7.4006,-79.5714,18.95,90,82,4.71,PE,1698145045
490,baganga,7.5739,126.56,27.13,82,70,0.56,PH,1698145046
491,reggane,26.7158,0.1714,33.11,22,94,6.55,DZ,1698145047
492,anqiu,36.4342,119.1925,19.96,37,0,2.71,CN,1698145049
493,mar del plata,-38.0023,-57.5575,12.19,88,100,6.69,AR,1698144902
494,lazaro cardenas,17.9583,-102.2,23.55,80,70,2.28,MX,1698145051
495,sagua la grande,22.8067,-80.0756,23.74,70,18,4.52,CU,1698145052
496,nikol'sk,53.7189,46.0712,2.09,96,100,5.4,RU,1698145053
497,eten,-6.9081,-79.8642,20.14,83,0,5.66,PE,1698145055
498,aksu,41.1231,80.2644,19.16,19,1,1.8,CN,1698145056
499,cadale,2.7603,46.3222,29.18,70,20,4.11,SO,1698145057
500,gunnedah,-30.9833,150.25,21.6,16,0,1.87,AU,1698145058
501,gillette,44.2911,-105.5022,5.59,93,100,2.06,US,1698145060
502,kayseri,38.737,35.4968,22.01,37,20,1.54,TR,1698144910
503,gornopravdinsk,60.05,69.9,-0.5,82,100,2.15,RU,1698145063
504,fayzabad,37.1166,70.58,20.08,28,0,2.18,AF,1698145064
505,kukshi,22.2,74.75,33.57,24,100,2.98,IN,1698145065
506,sao joao da barra,-21.6403,-41.0511,23.05,80,90,4.23,BR,1698145067
507,chonchi,-42.6128,-73.8092,8.4,92,25,0.94,CL,1698145068
508,at taj,24.2049,23.2857,30.19,18,0,5.48,LY,1698145069
509,sao jose da coroa grande,-8.8978,-35.1478,26.84,68,33,1.7,BR,1698145070
510,shixing,24.9482,114.0657,23.6,84,49,1.35,CN,1698145071
511,jwaneng,-24.6004,24.7303,35.25,6,0,3.89,BW,1698145073
512,lakatoro,-16.0999,167.4164,26.15,81,100,17.58,VU,1698145074
513,ta`u,-14.2336,-169.5144,26.66,76,25,6.59,AS,1698145075
514,greenwood,34.1668,-82.1165,6.27,93,0,1.54,US,1698145076
515,katsuren-haebaru,26.3369,127.8719,25.43,78,100,4.12,JP,1698145077
516,samana,19.2056,-69.3369,25.8,89,25,2.82,DO,1698145079
517,nadi,-17.8,177.4167,24.0,73,40,3.09,FJ,1698145080
518,jining,35.405,116.5814,21.33,38,33,3.01,CN,1698145081
519,san luis de la loma,17.2706,-100.8939,24.27,78,87,1.77,MX,1698145082
520,kapa'a,22.0752,-159.319,25.99,89,20,3.09,US,1698145083
521,salekhard,66.53,66.6019,-6.15,86,84,0.77,RU,1698145084
522,thoen,17.6129,99.2161,25.22,95,86,0.59,TH,1698145086
523,katsuura,35.1333,140.3,18.73,64,49,0.83,JP,1698145087
524,sisimiut,66.9395,-53.6735,-5.6,65,79,6.97,GL,1698145088
525,morinville,53.8001,-113.652,-8.23,83,100,2.06,CA,1698145089
526,gamba,-2.65,10.0,27.52,76,100,3.46,GA,1698144861
527,el hadjira,32.6134,5.5126,32.56,17,93,1.36,DZ,1698145093
528,harper,4.375,-7.7169,26.48,84,90,3.83,LR,1698145094
529,turpan,42.9333,89.1667,20.2,28,1,1.7,CN,1698145095
530,flin flon,54.7682,-101.865,-5.78,50,2,3.2,CA,1698145096
531,ambon,-3.6954,128.1814,27.71,14,20,2.57,ID,1698145097
532,kalemie,-5.9475,29.1947,29.88,40,99,2.69,CD,1698145099
533,shuangcheng,45.35,126.2833,11.82,42,0,3.07,CN,1698145100
534,alupka,44.4167,34.05,20.49,59,87,2.24,UA,1698145101
535,alibag,18.6411,72.8792,34.04,57,69,3.37,IN,1698145102
536,umm kaddadah,13.6017,26.6876,35.79,14,3,6.15,SD,1698145103
537,imishli,39.8709,48.06,25.47,39,60,2.82,AZ,1698145104
538,sirte,31.2089,16.5887,31.53,32,2,1.23,LY,1698145106
539,slyudyanka,51.6594,103.7061,2.13,94,99,1.16,RU,1698145107
540,kelso,46.1468,-122.9084,9.71,89,0,1.54,US,1698145108
541,chiavenna,46.3216,9.3986,15.94,98,100,1.78,IT,1698145109
542,san julian,21.0167,-102.1667,10.94,67,3,1.1,MX,1698145110
543,crucecita,-28.95,-58.9833,20.62,94,85,4.86,AR,1698145112
544,barclayville,4.6797,-8.2339,27.9,76,94,2.72,LR,1698145113
545,shahrud,36.4182,54.9763,20.78,28,54,5.12,IR,1698145114
